.env,
.gitignore,
.zshrc,
1on1,
2.5 Pro,
3D,
4o,
A2A,
ACT,
AD,
ADL,
AE,
AG Grid,
Agentforce,
Agentic,
AI,
AI Agent,
AI ONE,
AI SDK,
Airtable,
Alche,
Anki,
Ansible,
Anthropic,
AnyGift,
AnyReach,
AP,
API,
API Gateway,
AppSheet,
Aqua,
Aqua Voice,
Arc,
ARR,
ARS,
artifact,
Artifacts,
Asana,
Ask One,
ATOK,
Attio,
auth,
Auth0,
AVI-SPL,
AWS,
Azure,
B2B,
backend,
bash,
BC,
Bedrock,
Better Auth,
BI,
BigQuery,
BillOne,
Bioconstrucci√≥n con Paja,
biome,
BizDev,
BLUEISH,
BNI,
Bolt,
Bolt.new,
BPaaS,
BPO,
branch,
brew,
browser-use,
BuildBetter,
bun,
bun run,
BYD,
C#,
CA,
CADDi,
Canva,
Canvas,
CapCut,
CAPI,
CARU,
CCaaS,
CCC ONE,
CDAPH,
CE,
ChatGPT,
Chatwork,
CI,
CI/CD,
Cisco,
Claude,
Claude 4,
Claude 4 Sonnet,
Claude AI,
Claude Code,
Claude Desktop,
Claude Sonnet,
CLAUDE.md,
Clerk,
CLI,
Cline,
Cloud Run,
CloudFit,
Cloudflare,
CoBi,
Codex,
Cognito,
ComfyUI,
commit,
config,
Confluence,
connpass,
context7,
convex,
Coolify,
Copilot,
Copilot Studio,
CORS,
CPA,
Crawl4AI,
CRM,
cron,
CrowdStrike,
CRUD,
CS,
CSM,
CSS,
CSV,
curl,
Cursor,
Dagster,
DALL-E,
dart,
DAW,
DB,
dbt,
Deep Research,
deep-wiki,
Deepgram,
DeepL,
DeepSeek,
DeepWiki,
deploy,
Designify,
dev,
develop,
Devin,
DevOps,
Dia,
diff,
Dify,
Directus,
Discord,
div,
doc,
docker,
docker compose,
docker-compose.yml,
Dockerfile,
docs,
Dokploy,
Dooox,
drizzle,
DX,
EA,
EC,
EC2,
ECS,
Electron,
ElevenLabs,
enter,
esa,
ETH,
exa,
exaBase,
Excalidraw,
Expo,
FAQ,
FastAPI,
fastapi,
FDC,
ferret One,
Figma,
Firebase,
Firecrawl,
Firestore,
Flowise,
Flutter,
FlutterFlow,
formrun,
frontend,
FS,
GA4,
Galirage,
Gamma,
GAS,
GCP,
Gem,
Gemini,
Gemini CLI,
GEMINI.md,
Gemma,
Gen-AX,
Genspark,
GERD,
Ghostty,
git,
git add,
git checkout,
git commit -m "",
GitHub,
GitHub Actions,
gitignore,
GitLab,
globals.css,
Go,
Google AI Studio,
Google Apps Script,
Google Tag Manager,
Google Workspace,
GPT,
gpt-4o,
gpt-4o-mini,
GPTs,
GPU,
GraphQL,
Grok,
Groq,
GTM,
Heptabase,
Hetzner,
HeyGen,
HIIT,
hooks,
HTML,
HubSpot,
Hubspot,
Hugging Face,
Hyperliquid,
i-Reporter,
IaaS,
IDE,
IDV,
IELTS,
IFC,
imagen,
IMO,
init,
Intune,
invoiceAgent,
IO,
IP,
ISG,
Issue,
issue,
iThoughts,
IVRy,
iZotope,
JavaScript,
jest,
Jinja,
Jira,
JIRA,
JS,
json,
JWT,
Kaggle,
KAMUI CODE,
KDG,
KGI,
kintone,
Kiro,
Klaviyo,
KOF MTG,
KOHO,
Kotlin,
Kovo,
KPI,
KSF,
kubell,
Kubernetes,
L2,
Lacotto,
Lambda,
LangChain,
Langchain,
LangFuse,
LangGraph,
LAPRAS,
Laravel,
Lark,
LayerX,
LEEEP,
LET'S KENDO,
Lindy,
Linear,
Linkedin,
lint,
LiteLLM,
LiveKit,
Llama,
LLM,
LMS,
localhost,
Logseq,
Looker Studio,
LoRA,
Lovable,
Low Code,
M&A,
m2,
MA,
MacBook,
macOS,
MacWhisper,
Make.com,
Manus,
Mapify,
Markdown,
Marp,
Mastra,
matplotlib,
MCP,
MDPH,
MECE,
medico,
megathink,
Meilisearch,
Mem0,
Mermaid,
Meta,
Metabase,
MIDI,
Midjourney,
Mindbloom,
Miro,
mise,
Mistral,
MO,
modal,
Model Context Protocol,
MotionBoard,
MRP,
MRR,
MTG,
MVP,
Myli,
mypy,
MySQL,
n8n,
Nago-Torbole,
NC,
NDA,
Nebius,
Neo4j,
neuroplasticity,
Next.js,
ngrok,
nijijourney,
NISA,
nix,
njoh nde,
NocoDB,
node,
Node.js,
NotebookLM,
Notion,
Notta,
npm,
npm run dev,
npx,
NumPy,
o1,
o3,
o4,
o4-mini,
o4-mini-high,
OAuth,
Obsidian,
OCR,
Odoo,
OKR,
Ollama,
OpenAI,
OpenCV,
OPSTrax,
Opus,
OS,
Oura Ring,
ourly,
ovice,
PaaS,
package.json,
pandas,
Pardot,
Partoo,
PayPay,
PBI,
PDCA,
PDF,
PdM,
PDR,
Peatix,
Permobil,
Perplexity,
PHP,
pip,
PLAUD,
playwright,
pnpm,
PoC,
polars,
Polymet,
PORTAMENT,
postgres,
PostHog,
PowerPoint,
PR,
PRD,
Prisma,
Prometheus,
prompt,
prompts,
ProRT,
pull,
pull request,
push,
Pydantic,
pyenv,
Python,
QA,
Qdrant,
QGIS-LTR,
Qwen,
R2,
RAG,
rails,
Railway,
RAS,
Raycast,
React,
README,
README.md,
redash,
redis,
REPL,
Replit,
REST,
Retell,
Retool,
ROAS,
ROI,
RooCode,
Royal Connect,
RPO,
Ruff,
Rust,
S1,
S3,
SaaS,
Salesforce,
SAML,
SAP,
SCO,
SDK,
Selenium,
SEO,
SES,
shadcn,
shadcn/ui,
SHIFT AI,
Shopify,
Skool,
Skywork,
Slack,
SmartHR,
SMI,
Smol Sites,
Snowflake,
SNS,
SOC,
Solana,
Sonnet,
Sonnet 3.7,
SQL,
SRE,
SSP,
Stable Diffusion,
stash,
Strapi,
Streamlit,
Stripe,
Suno,
Supabase,
Svelte,
SVF,
Swagger,
TA,
Tableau,
Tailwind,
Tailwind CSS,
Tanium,
TanStack,
Tauri,
Tavily,
TDD,
Terraform,
TestSprite,
think hard,
think harder,
thinkorswim,
Thino,
Threads,
Three.js,
TKA,
TMC,
tmp,
TMS,
tmux,
Todoist,
Toggl,
Traefik,
TS,
Twilio,
typecheck,
Typefully,
TypeScript,
Ubie,
Ubuntu,
Udemy,
UI,
UI/UX,
ultrathink,
Unraid,
URL,
UUID,
uv,
uv run,
uv.lock,
UX,
v0,
Vapi,
VAS,
Veo,
Veo3,
Vercel,
Vertex AI,
Vibe Coding,
vibe coding,
Vibly,
Visual Studio Code,
vite,
vitest,
vLLM,
Voicy,
VSCode,
wandb,
WEB,
webhook,
Wevox,
Whisper,
Windsurf,
WNS,
WordPress,
worktree,
WSL,
Xcode,
XML,
Y Combinator,
yaml,
YC,
Yoom,
Zapier,
Zettelkasten,
Zoho,
Zoom,
zsh,
Zen MCP